Country,Gender,Name
China,Male,Zhao
China,Male,Qian
China,Male,Sun
China,Male,Li
China,Male,Zhang
China,Female,Li
China,Female,Zhang
China,Female,Chen
China,Female,Wang
China,Female,Yang
Egypt,Male,Mohamed
Egypt,Male,Ahmed
Egypt,Male,Mahmoud
Egypt,Male,Mohamed
Egypt,Male,Mohamed
Egypt,Female,Fatima
Egypt,Female,Aisha
Egypt,Female,Nour
Egypt,Female,Hanan
Egypt,Female,Mariam
Hungary,Male,Istvan
Hungary,Male,Peter
Hungary,Male,Laszlo
Hungary,Male,Janos
Hungary,Male,Zsolt
Hungary,Female,Anna
Hungary,Female,Julia
Hungary,Female,Katalin
Hungary,Female,Maria
Hungary,Female,Edit
India,Male,Ravi
India,Male,Rahul
India,Male,Sandeep
India,Male,Sanjay
India,Male,Vikram
India,Female,Priya
India,Female,Neha
India,Female,Sneha
India,Female,Kavya
India,Female,Pooja
Lebanon,Male,Mohammad
Lebanon,Male,Ali
Lebanon,Male,Hassan
Lebanon,Male,Ahmad
Lebanon,Male,Ahmad
Lebanon,Female,Maria
Lebanon,Female,Fatima
Lebanon,Female,Maryam
Lebanon,Female,Sarah
Lebanon,Female,Nour
Lithuania,Male,Jonas
Lithuania,Male,Antanas
Lithuania,Male,Algirdas
Lithuania,Male,Andrius
Lithuania,Male,Mindaugas
Lithuania,Female,Dalia
Lithuania,Female,Jolanta
Lithuania,Female,Rasa
Lithuania,Female,Lina
Lithuania,Female,Egle
Pakistan,Male,Mohammad
Pakistan,Male,Ahmed
Pakistan,Male,Usman
Pakistan,Male,Imran
Pakistan,Male,Abdul
Pakistan,Female,Maryam
Pakistan,Female,Fatima
Pakistan,Female,Ayesha
Pakistan,Female,Sana
Pakistan,Female,Mehwish
Philipines,Male,Mark
Philipines,Male,John
Philipines,Male,Ronald
Philipines,Male,Juan
Philipines,Male,Jose
Philipines,Female,Maria
Philipines,Female,Angel
Philipines,Female,Elizabeth
Philipines,Female,Joy
Philipines,Female,Christine
Russia,Male,Ivan
Russia,Male,Alexander
Russia,Male,Dmitry
Russia,Male,Andrey
Russia,Male,Sergey
Russia,Female,Olga
Russia,Female,Maria
Russia,Female,Anna
Russia,Female,Irina
Russia,Female,Tatiana
Spain,Male,Alejandro
Spain,Male,David
Spain,Male,Manuel
Spain,Male,Javier
Spain,Male,Jose
Spain,Female,Carmen
Spain,Female,Ana
Spain,Female,Maria
Spain,Female,Isabel
Spain,Female,Sara
UAE,Male,Mohammed
UAE,Male,Ahmed
UAE,Male,Khalid
UAE,Male,Majid
UAE,Male,Saeed
UAE,Female,Mariam
UAE,Female,Fatima
UAE,Female,Shaikha
UAE,Female,Hessa
UAE,Female,Sara
UAE,Female,Sheikha
Ukraine,Male,Oleksandr
Ukraine,Male,Andrii
Ukraine,Male,Ivan
Ukraine,Male,Viktor
Ukraine,Male,Denys
Ukraine,Female,Anna
Ukraine,Female,Iryna
Ukraine,Female,Olha
Ukraine,Female,Yuliia
Ukraine,Female,Tetiana